player,type,expected_points,avg_runs,matches
B Sai Sudharsan,Batsman,44.4,44.4,40
V Suryavanshi,Batsman,41.0,36.0,7
A Mhatre,Batsman,39.3,34.3,7
KL Rahul,Batsman,38.9,38.9,130
DP Conway,Batsman,38.5,38.5,28
H Klaasen,Batsman,38.3,33.3,44
YBK Jaiswal,Batsman,37.4,32.4,65
LMP Simmons,Batsman,37.2,37.2,29
HM Amla,Batsman,35.9,35.9,16
PD Salt,Batsman,35.9,30.9,34
TM Head,Batsman,35.8,30.8,37
DA Warner,Batsman,35.8,35.8,180
CH Gayle,Batsman,35.8,35.8,135
RD Gaikwad,Batsman,35.6,35.6,70
SE Marsh,Batsman,35.3,35.3,68
AB de Villiers,Batsman,34.9,29.9,166
JC Buttler,Batsman,34.6,34.6,118
ML Hayden,Batsman,34.3,34.3,31
RM Patidar,Batsman,34.2,29.2,38
Shubman Gill,Batsman,34.1,34.1,112
MEK Hussey,Batsman,34.1,34.1,58
V Kohli,Batsman,33.6,33.6,253
D Brevis,Batsman,33.4,28.4,16
RD Rickelton,Batsman,32.7,27.7,14
F du Plessis,Batsman,32.6,32.6,146
MN van Wyk,Batsman,32.6,32.6,5
JM Bairstow,Batsman,32.0,32.0,50
N Pooran,Batsman,32.0,27.0,83
JP Inglis,Batsman,31.7,26.7,10
CA Lynn,Batsman,31.6,31.6,41
J Fraser-McGurk,Batsman,31.4,26.4,14
V Sehwag,Batsman,31.4,26.4,102
S Dhawan,Batsman,30.7,30.7,218
Priyansh Arya,Batsman,30.4,25.4,16
Abhishek Sharma,Batsman,30.0,25.0,72
C Green,All-Rounder,30.0,25.0,28
KR Mayers,Batsman,29.9,29.9,12
SR Tendulkar,Batsman,29.9,29.9,78
P Simran Singh,All-Rounder,29.3,24.3,50
JJ Roy,Batsman,29.2,29.2,21
Tilak Varma,Batsman,29.2,29.2,51
WG Jacks,All-Rounder,29.1,24.1,19
PD Collingwood,Batsman,29.0,29.0,7
RR Pant,Batsman,28.8,28.8,120
SA Yadav,Batsman,28.8,28.8,147
Shashank Singh,All-Rounder,28.4,23.4,33
SS Iyer,Batsman,28.3,28.3,127
Q de Kock,Batsman,27.9,27.9,111
KS Williamson,Batsman,27.8,27.8,73
DJ Harris,Batsman,27.8,27.8,4
KP Pietersen,Batsman,27.8,27.8,36
AD Russell,All-Rounder,27.8,22.8,112
G Gambhir,Batsman,27.7,27.7,150
Urvil Patel,All-Rounder,27.7,22.7,3
SK Raina,Batsman,27.7,27.7,198
SV Samson,Batsman,27.6,27.6,167
Salman Butt,Batsman,27.4,27.4,7
Abishek Porel,All-Rounder,27.3,22.3,27
T Stubbs,All-Rounder,27.3,22.3,28
LS Livingstone,All-Rounder,27.3,22.3,46
SR Watson,Batsman,27.2,27.2,139
DR Smith,Batsman,27.0,27.0,88
A Symonds,Batsman,27.0,27.0,36
AM Rahane,Batsman,27.0,27.0,181
SPD Smith,Batsman,26.7,26.7,90
GJ Maxwell,All-Rounder,26.6,21.6,130
BB McCullum,Batsman,26.6,26.6,107
R Dravid,Batsman,26.5,26.5,82
JP Duminy,Batsman,26.5,26.5,74
RG Sharma,Batsman,26.5,26.5,262
MR Marsh,Batsman,26.4,26.4,49
RR Rossouw,All-Rounder,26.4,21.4,22
AK Markram,Batsman,26.1,26.1,55
VR Iyer,Batsman,26.1,26.1,56
E Lewis,Batsman,26.1,26.1,25
Atharva Taide,Batsman,26.0,26.0,10
Ishan Kishan,Batsman,26.0,26.0,109
JM Sharma,All-Rounder,25.9,20.9,47
AC Voges,Batsman,25.9,25.9,7
Ashutosh Sharma,All-Rounder,25.7,20.7,16
Kamran Akmal,All-Rounder,25.7,20.7,6
A Raghuvanshi,Batsman,25.7,25.7,18
Naman Dhir,All-Rounder,25.6,20.6,19
AC Gilchrist,Batsman,25.6,25.6,80
GC Smith,Batsman,25.6,25.6,28
JH Kallis,Batsman,25.6,25.6,94
BJ Rohrer,Batsman,25.6,25.6,7
LJ Wright,All-Rounder,25.4,20.4,5
N Rana,Batsman,25.4,25.4,108
ST Jayasuriya,Batsman,25.3,25.3,30
RV Uthappa,Batsman,25.3,25.3,195
M Vijay,Batsman,25.2,25.2,103
RS Bopara,Batsman,25.2,25.2,21
KC Sangakkara,All-Rounder,25.0,25.0,66
KS Bharat,All-Rounder,24.8,24.8,8
Aniket Verma,All-Rounder,24.7,19.7,12
HH Gibbs,All-Rounder,24.6,24.6,36
S Dube,All-Rounder,24.6,24.6,74
AD Hales,All-Rounder,24.5,24.5,6
MK Pandey,All-Rounder,24.4,24.4,157
SO Hetmyer,All-Rounder,24.4,19.4,75
Dhruv Jurel,All-Rounder,24.2,19.2,34
D Padikkal,All-Rounder,23.9,23.9,73
TH David,All-Rounder,23.8,18.8,44
SC Ganguly,All-Rounder,23.7,23.7,55
KK Nair,All-Rounder,23.6,23.6,70
DJ Mitchell,All-Rounder,23.4,23.4,15
AT Rayudu,All-Rounder,23.4,23.4,185
DPMD Jayawardene,All-Rounder,23.3,23.3,76
MJ Lumb,All-Rounder,23.2,23.2,12
N Wadhera,All-Rounder,23.2,23.2,31
RA Tripathi,All-Rounder,23.1,23.1,97
AJ Finch,All-Rounder,23.1,23.1,88
TM Dilshan,All-Rounder,23.1,23.1,49
OA Shah,All-Rounder,23.0,23.0,22
DA Miller,All-Rounder,22.8,22.8,132
PP Shaw,All-Rounder,22.8,22.8,76
R Ravindra,All-Rounder,22.7,22.7,18
PC Valthaty,All-Rounder,22.5,22.5,22
BJ Hodge,All-Rounder,22.5,22.5,62
MS Dhoni,All-Rounder,22.4,22.4,241
S Badrinath,All-Rounder,22.4,22.4,64
SA Asnodkar,All-Rounder,22.3,22.3,19
Nithish Kumar Reddy,All-Rounder,22.0,22.0,22
JR Hopes,All-Rounder,21.9,21.9,19
R Parag,All-Rounder,21.9,21.9,71
AP Majumdar,All-Rounder,21.8,21.8,4
SM Katich,All-Rounder,21.8,21.8,11
BA Stokes,All-Rounder,21.7,21.7,43
Yuvraj Singh,All-Rounder,21.6,21.6,124
MA Agarwal,All-Rounder,21.6,21.6,122
DJ Hussey,All-Rounder,21.6,21.6,61
M Vohra,All-Rounder,21.5,21.5,50
CL White,All-Rounder,21.4,21.4,44
MS Bisla,All-Rounder,21.2,21.2,37
PBB Rajapaksa,All-Rounder,21.2,21.2,13
RK Singh,All-Rounder,21.2,21.2,51
UT Khawaja,All-Rounder,21.2,21.2,6
Rahmanullah Gurbaz,All-Rounder,20.9,20.9,17
MJ Guptill,All-Rounder,20.8,20.8,12
YK Pathan,All-Rounder,20.7,20.7,152
A Flintoff,All-Rounder,20.7,20.7,3
JD Ryder,All-Rounder,20.6,20.6,29
KD Karthik,All-Rounder,20.6,20.6,229
MP Stoinis,All-Rounder,20.6,20.6,95
PA Patel,All-Rounder,20.5,20.5,132
SS Tiwary,All-Rounder,20.5,20.5,72
WP Saha,All-Rounder,20.5,20.5,141
JEC Franklin,All-Rounder,20.4,20.4,16
MK Tiwary,All-Rounder,20.3,20.3,83
SD Hope,All-Rounder,20.3,20.3,9
NK Patel,All-Rounder,20.2,20.2,6
Sikandar Raza,All-Rounder,20.2,20.2,9
A Badoni,All-Rounder,20.1,20.1,45
V Shankar,All-Rounder,20.0,20.0,60
KA Pollard,All-Rounder,19.9,19.9,164
SE Rutherford,All-Rounder,19.8,19.8,20
HH Pandya,All-Rounder,19.8,19.8,136
MM Ali,All-Rounder,19.7,19.7,59
MW Short,All-Rounder,19.5,19.5,6
PN Mankad,All-Rounder,19.4,19.4,5
Y Venugopal Rao,All-Rounder,19.2,19.2,51
SP Fleming,All-Rounder,19.2,19.2,10
Sameer Rizvi,All-Rounder,19.1,19.1,9
YV Takawale,All-Rounder,19.1,19.1,10
EJG Morgan,All-Rounder,18.8,18.8,73
LA Pomersbach,All-Rounder,18.8,18.8,16
LRPL Taylor,All-Rounder,18.7,18.7,54
CJ Anderson,All-Rounder,18.6,18.6,29
SM Curran,All-Rounder,18.6,18.6,53
Azhar Mahmood,All-Rounder,18.5,18.5,21
SW Billings,All-Rounder,18.4,18.4,27
SM Pollock,All-Rounder,18.4,18.4,8
S Sohal,All-Rounder,18.4,18.4,20
GJ Bailey,All-Rounder,18.3,18.3,36
PHKD Mendis,All-Rounder,18.2,18.2,5
RR Sarwan,All-Rounder,18.2,18.2,4
S Vidyut,All-Rounder,18.1,18.1,8
MC Henriques,All-Rounder,18.0,18.0,53
AD Mathews,All-Rounder,18.0,18.0,40
MC Juneja,All-Rounder,18.0,18.0,6
M Klinger,All-Rounder,18.0,18.0,4
V Nigam,All-Rounder,17.7,17.7,7
CA Pujara,All-Rounder,17.7,17.7,22
Mandeep Singh,All-Rounder,17.5,17.5,96
TL Suman,All-Rounder,17.3,17.3,39
AL Menaria,All-Rounder,17.2,17.2,23
AC Blizzard,All-Rounder,17.1,17.1,7
HC Brook,All-Rounder,16.9,16.9,11
MV Boucher,All-Rounder,16.8,16.8,23
FY Fazal,All-Rounder,16.6,16.6,11
RA Jadeja,All-Rounder,16.6,16.6,192
NV Ojha,All-Rounder,16.5,16.5,93
DJM Short,All-Rounder,16.4,16.4,7
Gurkeerat Singh,All-Rounder,16.3,16.3,31
MJ Clarke,All-Rounder,16.3,16.3,6
RJ Quiney,All-Rounder,16.2,16.2,6
N Jagadeesan,All-Rounder,16.2,16.2,10
W Jaffer,All-Rounder,16.2,16.2,8
C Munro,All-Rounder,16.1,16.1,11
T Kohler-Cadmore,All-Rounder,16.0,16.0,3
LA Carseldine,All-Rounder,16.0,16.0,5
R Powell,All-Rounder,15.9,15.9,23
Anirudh Singh,All-Rounder,15.8,15.8,4
PA Reddy,All-Rounder,15.7,15.7,9
BB Samantray,All-Rounder,15.6,15.6,8
JR Philippe,All-Rounder,15.6,15.6,5
RN ten Doeschate,All-Rounder,15.5,15.5,21
AR Patel,All-Rounder,15.5,15.5,119
SN Khan,All-Rounder,15.4,15.4,34
Anmolpreet Singh,All-Rounder,15.4,15.4,9
AB McDonald,All-Rounder,15.4,15.4,8
SP Narine,All-Rounder,15.3,15.3,116
KH Pandya,All-Rounder,15.2,15.2,110
M Shahrukh Khan,All-Rounder,15.2,15.2,48
Anuj Rawat,All-Rounder,15.1,15.1,21
UBT Chand,All-Rounder,15.0,15.0,20
TR Birt,All-Rounder,15.0,15.0,5
MK Lomror,All-Rounder,15.0,15.0,35
Harpreet Singh,All-Rounder,14.9,14.9,8
DB Ravi Teja,All-Rounder,14.9,14.9,25
R Shepherd,All-Rounder,14.9,14.9,12
KM Jadhav,All-Rounder,14.8,14.8,78
DJG Sammy,All-Rounder,14.8,14.8,20
Shakib Al Hasan,All-Rounder,14.8,14.8,51
PK Garg,All-Rounder,14.7,14.7,18
J Botha,All-Rounder,14.6,14.6,28
R Tewatia,All-Rounder,14.6,14.6,76
Misbah-ul-Haq,All-Rounder,14.6,14.6,8
A Manohar,All-Rounder,14.6,14.6,20
JA Morkel,All-Rounder,14.5,14.5,66
MG Bracewell,All-Rounder,14.5,14.5,4
AA Jhunjhunwala,All-Rounder,14.5,14.5,15
DJ Hooda,All-Rounder,14.5,14.5,99
Shahbaz Ahmed,All-Rounder,14.3,14.3,38
Abdul Samad,All-Rounder,14.3,14.3,50
SK Rasheed,All-Rounder,14.2,14.2,5
NLTC Perera,All-Rounder,14.2,14.2,29
Y Nagar,All-Rounder,14.2,14.2,20
DJ Bravo,All-Rounder,14.1,14.1,110
C de Grandhomme,All-Rounder,14.1,14.1,21
AB Barath,All-Rounder,14.0,14.0,3
CA Ingram,All-Rounder,14.0,14.0,13
Lalit Yadav,All-Rounder,14.0,14.0,21
N Saini,All-Rounder,14.0,14.0,10
BCJ Cutting,All-Rounder,14.0,14.0,17
SP Goswami,All-Rounder,13.9,13.9,21
DB Das,All-Rounder,13.8,13.8,22
VVS Laxman,All-Rounder,13.8,13.8,20
MD Mishra,All-Rounder,13.8,13.8,17
RE Levi,All-Rounder,13.8,13.8,6
IK Pathan,All-Rounder,13.6,13.6,79
K Goel,All-Rounder,13.6,13.6,16
D Wiese,All-Rounder,13.6,13.6,10
M Manhas,All-Rounder,13.5,13.5,38
STR Binny,All-Rounder,13.5,13.5,64
B Chipli,All-Rounder,13.3,13.3,21
LPC Silva,All-Rounder,13.3,13.3,3
AM Nayar,All-Rounder,13.3,13.3,50
BR Dunk,All-Rounder,13.3,13.3,3
HR Shokeen,All-Rounder,13.2,13.2,5
MS Wade,All-Rounder,13.2,13.2,13
SB Styris,All-Rounder,13.1,13.1,10
DJ Jacobs,All-Rounder,13.1,13.1,7
CM Gautam,All-Rounder,13.0,13.0,13
Sachin Baby,All-Rounder,12.9,12.9,11
CR Brathwaite,All-Rounder,12.9,12.9,14
TK Curran,All-Rounder,12.7,12.7,10
AP Tare,All-Rounder,12.6,12.6,27
SS Prabhudessai,All-Rounder,12.6,12.6,10
MF Maharoof,All-Rounder,12.6,12.6,14
PJ Cummins,All-Rounder,12.6,12.6,48
SB Dubey,All-Rounder,12.5,12.5,11
CH Morris,All-Rounder,12.5,12.5,49
CJ Ferguson,All-Rounder,12.2,12.2,8
LR Shukla,All-Rounder,12.2,12.2,32
R McLaren,All-Rounder,12.2,12.2,13
A Ashish Reddy,All-Rounder,12.1,12.1,22
Washington Sundar,All-Rounder,11.9,11.9,43
JP Faulkner,All-Rounder,11.9,11.9,42
Arshad Khan,All-Rounder,11.9,11.9,10
M Kaif,All-Rounder,11.7,11.7,21
SD Chitnis,All-Rounder,11.6,11.6,8
Aman Hakim Khan,All-Rounder,11.5,11.5,10
AS Raut,All-Rounder,11.5,11.5,15
MN Samuels,All-Rounder,11.5,11.5,14
RV Patel,All-Rounder,11.4,11.4,7
S Anirudha,All-Rounder,11.3,11.3,12
R Sathish,All-Rounder,11.2,11.2,24
GH Vihari,All-Rounder,11.2,11.2,21
D Salunkhe,All-Rounder,11.0,11.0,3
Azmatullah Omarzai,All-Rounder,11.0,11.0,9
Bipul Sharma,All-Rounder,11.0,11.0,17
DT Christian,All-Rounder,11.0,11.0,41
S Rana,All-Rounder,10.9,10.9,8
IR Jaggi,All-Rounder,10.9,10.9,7
AT Carey,All-Rounder,10.7,10.7,3
RE van der Merwe,All-Rounder,10.6,10.6,15
P Dogra,All-Rounder,10.6,10.6,12
P Negi,All-Rounder,10.6,10.6,34
Ramandeep Singh,All-Rounder,10.6,10.6,20
DJ Willey,All-Rounder,10.6,10.6,5
AB Agarkar,All-Rounder,10.4,10.4,17
T Taibu,All-Rounder,10.3,10.3,3
Shoaib Malik,All-Rounder,10.2,10.2,5
PR Shah,All-Rounder,10.1,10.1,9
RT Ponting,All-Rounder,10.1,10.1,9
J Yadav,All-Rounder,10.0,10.0,4
DH Yagnik,All-Rounder,9.9,9.9,17
Mohammad Nabi,All-Rounder,9.9,9.9,18
AA Bilakhia,All-Rounder,9.9,9.9,7
DJ Thornely,All-Rounder,9.8,9.8,4
Umar Gul,All-Rounder,9.8,9.8,4
AG Paunikar,All-Rounder,9.6,9.6,5
KK Cooper,All-Rounder,9.6,9.6,12
JO Holder,All-Rounder,9.6,9.6,27
JDP Oram,All-Rounder,9.6,9.6,11
Harbhajan Singh,All-Rounder,9.5,9.5,87
R Dhawan,All-Rounder,9.5,9.5,22
Harpreet Brar,All-Rounder,9.4,9.4,26
S Narwal,All-Rounder,9.2,9.2,4
JDS Neesham,All-Rounder,9.2,9.2,10
Vishnu Vinod,All-Rounder,9.2,9.2,6
R Ashwin,All-Rounder,9.1,9.1,91
KW Richardson,All-Rounder,9.0,9.0,4
Yashpal Singh,All-Rounder,9.0,9.0,3
K Gowtham,All-Rounder,9.0,9.0,25
Shahid Afridi,All-Rounder,9.0,9.0,9
Rashid Khan,All-Rounder,9.0,9.0,64
AD Nath,All-Rounder,9.0,9.0,10
D Pretorius,All-Rounder,8.8,8.8,5
KV Sharma,All-Rounder,8.8,8.8,40
B Sumanth,All-Rounder,8.8,8.8,4
A Chopra,All-Rounder,8.8,8.8,6
MD Shanaka,All-Rounder,8.7,8.7,3
Ankit Sharma,All-Rounder,8.7,8.7,10
TL Seifert,All-Rounder,8.7,8.7,3
Sunny Singh,All-Rounder,8.6,8.6,5
LH Ferguson,All-Rounder,8.5,8.5,8
M Kartik,All-Rounder,8.5,8.5,13
OF Smith,All-Rounder,8.5,8.5,6
S Chanderpaul,All-Rounder,8.3,8.3,3
JC Archer,All-Rounder,8.3,8.3,30
SN Thakur,All-Rounder,8.3,8.3,39
A Choudhary,All-Rounder,8.3,8.3,3
AS Yadav,All-Rounder,8.2,8.2,6
S Gopal,All-Rounder,8.2,8.2,22
RR Powar,All-Rounder,8.1,8.1,8
GD Phillips,All-Rounder,8.1,8.1,8
MA Khote,All-Rounder,8.0,8.0,3
NS Naik,All-Rounder,8.0,8.0,3
Mohammad Hafeez,All-Rounder,8.0,8.0,8
SB Bangar,All-Rounder,7.8,7.8,6
J Arunkumar,All-Rounder,7.7,7.7,3
BMAJ Mendis,All-Rounder,7.7,7.7,3
KB Arun Karthik,All-Rounder,7.7,7.7,6
R Vinay Kumar,All-Rounder,7.7,7.7,39
DL Vettori,All-Rounder,7.6,7.6,16
SP Jackson,All-Rounder,7.6,7.6,8
SK Warne,All-Rounder,7.5,7.5,26
JD Unadkat,All-Rounder,7.5,7.5,26
SA Abbott,All-Rounder,7.3,7.3,3
HE van der Dussen,All-Rounder,7.3,7.3,3
DL Chahar,All-Rounder,7.3,7.3,16
M Jansen,All-Rounder,7.3,7.3,19
PP Chawla,All-Rounder,7.3,7.3,83
R Bhatia,All-Rounder,7.3,7.3,47
K Rabada,All-Rounder,7.2,7.2,30
Joginder Sharma,All-Rounder,7.2,7.2,5
KA Jamieson,All-Rounder,7.2,7.2,9
J Suchith,All-Rounder,7.0,7.0,8
Sohail Tanvir,All-Rounder,7.0,7.0,5
B Indrajith,All-Rounder,7.0,7.0,3
WA Mota,All-Rounder,7.0,7.0,8
J Syed Mohammad,All-Rounder,7.0,7.0,4
A Mishra,All-Rounder,6.9,6.9,55
B Akhil,All-Rounder,6.9,6.9,11
MS Gony,All-Rounder,6.9,6.9,14
WPUJC Vaas,All-Rounder,6.8,6.8,11
L Ronchi,All-Rounder,6.8,6.8,5
NJ Maddinson,All-Rounder,6.7,6.7,3
Iqbal Abdulla,All-Rounder,6.7,6.7,13
Rasikh Salam,All-Rounder,6.7,6.7,6
HV Patel,All-Rounder,6.6,6.6,40
CR Woakes,All-Rounder,6.5,6.5,12
B Lee,All-Rounder,6.5,6.5,19
RJ Peterson,All-Rounder,6.4,6.4,5
TG Southee,All-Rounder,6.3,6.3,19
CJ Jordan,All-Rounder,6.3,6.3,10
RA Bawa,All-Rounder,6.3,6.3,3
R Bishnoi,All-Rounder,6.3,6.3,3
R Rampaul,All-Rounder,6.3,6.3,6
M Morkel,All-Rounder,6.1,6.1,20
Sumit Kumar,All-Rounder,6.0,6.0,3
Saurav Chauhan,All-Rounder,6.0,6.0,3
JJ van der Wath,All-Rounder,6.0,6.0,3
AN Ahmed,All-Rounder,6.0,6.0,6
S Aravind,All-Rounder,5.9,5.9,10
RD Chahar,All-Rounder,5.9,5.9,22
Harshit Rana,All-Rounder,5.9,5.9,10
P Kumar,All-Rounder,5.9,5.9,57
A Mithun,All-Rounder,5.7,5.7,6
MJ Santner,All-Rounder,5.7,5.7,19
MG Johnson,All-Rounder,5.7,5.7,27
Swapnil Singh,All-Rounder,5.7,5.7,9
JA Richardson,All-Rounder,5.7,5.7,3
RV Gomez,All-Rounder,5.6,5.6,9
SB Jakati,All-Rounder,5.6,5.6,5
AUK Pathan,All-Rounder,5.6,5.6,7
Yudhvir Singh,All-Rounder,5.5,5.5,4
RJ Harris,All-Rounder,5.5,5.5,21
GB Hogg,All-Rounder,5.5,5.5,4
MA Starc,All-Rounder,5.5,5.5,20
AJ Tye,All-Rounder,5.5,5.5,12
Navdeep Saini,All-Rounder,5.5,5.5,6
AS Joseph,All-Rounder,5.4,5.4,5
PVD Chameera,All-Rounder,5.3,5.3,10
CK Kapugedera,All-Rounder,5.3,5.3,3
YV Dhull,All-Rounder,5.3,5.3,3
Kuldeep Yadav,All-Rounder,5.3,5.3,36
Mohammed Siraj,All-Rounder,5.3,5.3,21
DS Kulkarni,All-Rounder,5.2,5.2,20
DE Bollinger,All-Rounder,5.2,5.2,4
Avesh Khan,All-Rounder,5.2,5.2,12
AD Mascarenhas,All-Rounder,5.2,5.2,10
DW Steyn,All-Rounder,5.1,5.1,32
Akash Deep,All-Rounder,5.0,5.0,5
WD Parnell,All-Rounder,5.0,5.0,13
Sanvir Singh,All-Rounder,5.0,5.0,5
Mohsin Khan,All-Rounder,5.0,5.0,5
M Rawat,All-Rounder,5.0,5.0,11
Basil Thampi,All-Rounder,5.0,5.0,6
AC Thomas,All-Rounder,5.0,5.0,4
M Markande,All-Rounder,4.8,4.8,10
KC Cariappa,All-Rounder,4.8,4.8,5
R Shukla,All-Rounder,4.8,4.8,4
F Behardien,All-Rounder,4.7,4.7,3
SW Tait,All-Rounder,4.6,4.6,5
MJ McClenaghan,All-Rounder,4.6,4.6,18
SL Malinga,All-Rounder,4.6,4.6,19
Shivam Mavi,All-Rounder,4.6,4.6,11
B Kumar,All-Rounder,4.5,4.5,71
Harmeet Singh,All-Rounder,4.5,4.5,4
Naveen-ul-Haq,All-Rounder,4.5,4.5,4
Anureet Singh,All-Rounder,4.5,4.5,8
R Sai Kishore,All-Rounder,4.5,4.5,4
G Coetzee,All-Rounder,4.3,4.3,7
PWH de Silva,All-Rounder,4.3,4.3,19
FA Allen,All-Rounder,4.3,4.3,3
KJ Abbott,All-Rounder,4.3,4.3,3
Z Khan,All-Rounder,4.3,4.3,27
UT Yadav,All-Rounder,4.3,4.3,48
MM Sharma,All-Rounder,4.2,4.2,30
Parvez Rasool,All-Rounder,4.2,4.2,4
Imran Tahir,All-Rounder,4.1,4.1,8
VR Aaron,All-Rounder,4.1,4.1,12
RR Raje,All-Rounder,4.0,4.0,5
MA Wood,All-Rounder,4.0,4.0,3
AJ Turner,All-Rounder,4.0,4.0,6
AA Chavan,All-Rounder,4.0,4.0,3
NM Coulter-Nile,All-Rounder,3.9,3.9,15
I Udana,All-Rounder,3.8,3.8,4
NT Ellis,All-Rounder,3.8,3.8,5
A Nortje,All-Rounder,3.8,3.8,12
AF Milne,All-Rounder,3.8,3.8,6
T Kohli,All-Rounder,3.7,3.7,3
AS Rajpoot,All-Rounder,3.7,3.7,7
TA Boult,All-Rounder,3.7,3.7,23
AS Roy,All-Rounder,3.7,3.7,7
KMA Paul,All-Rounder,3.6,3.6,5
TU Deshpande,All-Rounder,3.5,3.5,8
Vijaykumar Vyshak,All-Rounder,3.5,3.5,4
R Sharma,All-Rounder,3.5,3.5,19
Umran Malik,All-Rounder,3.4,3.4,5
DR Sams,All-Rounder,3.4,3.4,13
J Theron,All-Rounder,3.3,3.3,3
SMSM Senanayake,All-Rounder,3.3,3.3,3
AG Murtaza,All-Rounder,3.3,3.3,3
MM Patel,All-Rounder,3.2,3.2,12
Mohammed Shami,All-Rounder,3.1,3.1,27
KL Nagarkoti,All-Rounder,3.1,3.1,7
PV Tambe,All-Rounder,3.0,3.0,6
SK Trivedi,All-Rounder,3.0,3.0,14
D Ferreira,All-Rounder,3.0,3.0,3
K Kartikeya,All-Rounder,3.0,3.0,4
Karanveer Singh,All-Rounder,3.0,3.0,4
A Zampa,All-Rounder,3.0,3.0,5
VY Mahesh,All-Rounder,3.0,3.0,5
T Thushara,All-Rounder,3.0,3.0,4
C Sakariya,All-Rounder,2.9,2.9,7
M Ashwin,All-Rounder,2.9,2.9,12
L Balaji,All-Rounder,2.8,2.8,13
S Sreesanth,All-Rounder,2.8,2.8,12
I Sharma,All-Rounder,2.8,2.8,20
Ravi Bishnoi,All-Rounder,2.8,2.8,16
M Theekshana,All-Rounder,2.8,2.8,6
A Kamboj,All-Rounder,2.7,2.7,6
JR Hazlewood,All-Rounder,2.7,2.7,7
TM Srivastava,All-Rounder,2.7,2.7,3
JJ Bumrah,All-Rounder,2.6,2.6,26
S Badree,All-Rounder,2.6,2.6,5
RK Bhui,All-Rounder,2.5,2.5,4
CV Varun,All-Rounder,2.4,2.4,11
Arshdeep Singh,All-Rounder,2.4,2.4,13
A Kumble,All-Rounder,2.3,2.3,15
Suryansh Shedge,All-Rounder,2.3,2.3,3
YS Chahal,All-Rounder,2.3,2.3,16
A Nehra,All-Rounder,2.3,2.3,17
Sandeep Sharma,All-Rounder,2.3,2.3,26
M Muralitharan,All-Rounder,2.2,2.2,9
Kartik Tyagi,All-Rounder,2.2,2.2,6
S Kaul,All-Rounder,2.2,2.2,9
Mukesh Kumar,All-Rounder,2.0,2.0,5
S Nadeem,All-Rounder,2.0,2.0,20
Jaskaran Singh,All-Rounder,2.0,2.0,4
Mujeeb Ur Rahman,All-Rounder,2.0,2.0,6
PJ Sangwan,All-Rounder,1.9,1.9,14
RP Singh,All-Rounder,1.9,1.9,28
Mustafizur Rahman,All-Rounder,1.9,1.9,7
Noor Ahmad,All-Rounder,1.8,1.8,11
Fazalhaq Farooqi,All-Rounder,1.7,1.7,3
Simarjeet Singh,All-Rounder,1.7,1.7,6
AB Dinda,All-Rounder,1.6,1.6,16
TS Mills,All-Rounder,1.6,1.6,5
SH Johnson,All-Rounder,1.6,1.6,5
BB Sran,All-Rounder,1.5,1.5,6
Pankaj Singh,All-Rounder,1.4,1.4,5
M Prasidh Krishna,All-Rounder,1.3,1.3,7
B Laughlin,All-Rounder,1.2,1.2,4
SJ Srivastava,All-Rounder,1.2,1.2,4
Yash Dayal,All-Rounder,1.0,1.0,4
Kumar Kushagra,All-Rounder,1.0,1.0,3
P Awana,All-Rounder,1.0,1.0,5
VG Arora,All-Rounder,1.0,1.0,9
BAW Mendis,All-Rounder,1.0,1.0,3
GC Viljoen,All-Rounder,1.0,1.0,3
PP Ojha,All-Rounder,0.8,0.8,19
KP Appanna,All-Rounder,0.7,0.7,3
A Singh,All-Rounder,0.4,0.4,5
Shoaib Ahmed,All-Rounder,0.3,0.3,3
KK Ahmed,All-Rounder,0.3,0.3,6
