,last_5_avg,last_10_avg,overall_avg,form,trend
BCJ Cutting,14.6,13.2,14.0,Good,Up
CH Gayle,41.6,22.7,35.8,Good,Up
DA Warner,56.2,46.2,35.8,Excellent,Up
DJ Hooda,6.2,10.3,14.5,Poor,Down
KM Jadhav,20.4,17.3,14.8,Excellent,Up
MC Henriques,15.0,13.1,18.0,Average,Up
Mandeep Singh,24.8,15.4,17.5,Excellent,Up
S Aravind,6.2,5.9,5.9,Good,Up
S Dhawan,19.8,31.6,30.7,Poor,Down
SR Watson,5.4,11.5,27.2,Poor,Down
STR Binny,12.6,11.0,13.5,Average,Up
Sachin Baby,18.2,14.1,12.9,Excellent,Up
TM Head,29.2,27.9,30.8,Average,Up
TS Mills,1.6,1.6,1.6,Average,Down
YS Chahal,3.4,2.4,2.3,Excellent,Up
Yuvraj Singh,23.8,23.6,21.6,Good,Up
AM Rahane,27.4,32.4,27.0,Good,Down
AT Rayudu,17.0,29.2,23.4,Poor,Down
BA Stokes,32.6,29.5,21.7,Excellent,Up
HH Pandya,4.4,4.4,19.8,Poor,Down
JC Buttler,18.0,18.6,34.6,Poor,Down
KA Pollard,17.0,20.5,19.9,Average,Down
KH Pandya,26.4,24.9,15.2,Excellent,Up
MA Agarwal,7.6,12.0,21.6,Poor,Down
MS Dhoni,27.6,26.1,22.4,Excellent,Up
N Rana,22.6,16.6,25.4,Average,Up
PA Patel,20.8,17.7,20.5,Good,Up
RG Sharma,21.0,38.4,26.5,Poor,Down
SPD Smith,45.4,30.0,26.7,Excellent,Up
TG Southee,7.2,4.7,6.3,Good,Up
AJ Finch,23.2,26.8,23.1,Good,Down
BB McCullum,19.6,17.9,26.6,Poor,Up
CA Lynn,17.8,27.5,31.6,Poor,Down
G Gambhir,20.6,26.4,27.7,Poor,Down
JJ Roy,25.0,35.5,29.2,Average,Down
KD Karthik,13.8,20.8,20.6,Poor,Down
SK Raina,25.4,22.5,27.7,Average,Up
AR Patel,10.2,11.1,15.5,Poor,Down
DA Miller,8.2,12.6,22.8,Poor,Down
DT Christian,12.4,16.5,11.0,Good,Down
GJ Maxwell,28.0,17.9,21.6,Excellent,Up
HM Amla,31.2,34.3,35.9,Average,Down
M Vohra,18.2,19.6,21.5,Average,Down
MK Tiwary,23.2,20.9,20.3,Good,Up
WP Saha,25.2,24.7,20.5,Excellent,Up
A Mishra,1.6,4.3,6.9,Poor,Down
AP Tare,4.4,6.9,12.6,Poor,Down
CH Morris,20.4,20.9,12.5,Excellent,Down
CR Brathwaite,15.4,12.2,12.9,Good,Up
Iqbal Abdulla,11.6,8.1,6.7,Excellent,Up
KK Nair,32.6,29.6,23.6,Excellent,Up
P Negi,9.2,7.9,10.6,Average,Up
PJ Cummins,8.2,9.7,12.6,Poor,Down
RR Pant,19.8,19.8,28.8,Poor,Down
S Nadeem,2.0,2.0,2.0,Good,Down
SV Samson,14.0,17.4,27.6,Poor,Down
SW Billings,23.6,21.2,18.4,Excellent,Up
Vishnu Vinod,9.2,9.2,9.2,Good,Up
Z Khan,2.8,4.7,4.3,Poor,Down
Basil Thampi,3.4,5.0,5.0,Poor,Down
DR Smith,23.6,23.9,27.0,Average,Down
DS Kulkarni,5.4,7.6,5.2,Good,Down
P Kumar,4.8,4.1,5.9,Average,Up
CR Woakes,6.4,6.8,6.5,Average,Down
Harbhajan Singh,7.8,10.7,9.5,Average,Down
MK Pandey,30.0,23.3,24.4,Excellent,Up
RV Uthappa,13.4,26.0,25.3,Poor,Down
SA Yadav,11.0,17.6,28.8,Poor,Down
SP Narine,1.8,3.3,15.3,Poor,Down
YK Pathan,26.6,30.4,20.7,Excellent,Down
AB de Villiers,29.6,36.6,29.9,Average,Down
A Zampa,3.0,3.0,3.0,Average,Down
AB Dinda,2.4,1.5,1.6,Excellent,Up
CJ Anderson,26.8,30.6,18.6,Excellent,Down
DL Chahar,7.6,4.6,7.3,Good,Up
F du Plessis,34.4,32.8,32.6,Good,Up
Imran Tahir,3.6,4.1,4.1,Average,Down
R Bhatia,6.8,5.7,7.3,Average,Up
RA Tripathi,11.0,19.0,23.1,Poor,Down
B Kumar,4.2,5.4,4.5,Average,Down
NV Ojha,11.0,9.7,16.5,Poor,Up
Rashid Khan,3.6,7.9,9.0,Poor,Down
V Shankar,23.4,18.2,20.0,Good,Up
MM Sharma,6.4,6.0,4.2,Excellent,Up
MP Stoinis,29.2,23.9,20.6,Excellent,Up
VR Aaron,8.0,4.5,4.1,Excellent,Up
MJ McClenaghan,9.2,4.8,4.6,Excellent,Up
V Kohli,57.8,58.5,33.6,Excellent,Down
Ankit Sharma,8.8,8.7,8.7,Good,Up
LH Ferguson,4.8,8.5,8.5,Poor,Down
RD Chahar,9.2,8.6,5.9,Excellent,Up
SN Thakur,5.0,4.9,8.3,Poor,Up
Bipul Sharma,10.4,13.0,11.0,Average,Down
C de Grandhomme,9.6,14.9,14.1,Poor,Down
EJG Morgan,20.2,18.2,18.8,Good,Up
KC Cariappa,4.8,4.8,4.8,Average,Down
SS Iyer,6.0,12.8,28.3,Poor,Down
Sandeep Sharma,3.0,2.5,2.3,Excellent,Up
Ishan Kishan,8.4,25.7,26.0,Poor,Down
AF Milne,4.2,3.8,3.8,Good,Up
JD Unadkat,2.2,3.6,7.5,Poor,Down
S Badree,2.6,2.6,2.6,Average,Down
AD Mathews,13.4,17.2,18.0,Poor,Down
Mohammed Shami,0.8,1.9,3.1,Poor,Down
I Sharma,0.8,2.7,2.8,Poor,Down
Mohammad Nabi,7.0,9.4,9.9,Poor,Down
AJ Tye,4.0,3.8,5.5,Poor,Up
RA Jadeja,15.0,14.9,16.6,Average,Up
KS Williamson,14.8,18.2,27.8,Poor,Down
SE Marsh,29.2,21.5,35.3,Average,Up
JP Faulkner,15.4,14.0,11.9,Excellent,Up
Shakib Al Hasan,20.0,15.0,14.8,Excellent,Up
K Rabada,5.8,3.7,7.2,Average,Up
MG Johnson,3.6,2.4,5.7,Poor,Up
AD Nath,9.4,9.0,9.0,Good,Up
Kuldeep Yadav,3.6,6.5,5.3,Poor,Down
NM Coulter-Nile,4.4,4.0,3.9,Good,Up
UT Yadav,7.6,6.6,4.3,Excellent,Up
KV Sharma,12.4,11.7,8.8,Excellent,Up
Washington Sundar,26.6,19.2,11.9,Excellent,Up
SP Jackson,4.6,7.6,7.6,Poor,Down
Anureet Singh,3.6,4.5,4.5,Poor,Down
MJ Guptill,24.6,17.6,20.8,Good,Up
PJ Sangwan,3.8,2.4,1.9,Excellent,Up
S Kaul,3.4,2.2,2.2,Excellent,Up
LMP Simmons,40.6,41.8,37.2,Good,Down
MN Samuels,7.6,13.2,11.5,Poor,Down
R Tewatia,11.8,8.5,14.6,Average,Up
Swapnil Singh,5.0,5.7,5.7,Average,Down
MM Patel,1.2,3.9,3.2,Poor,Down
SS Tiwary,22.2,23.6,20.5,Good,Down
TA Boult,3.2,4.3,3.7,Average,Down
JJ Bumrah,1.8,2.1,2.6,Poor,Down
SL Malinga,1.8,4.2,4.6,Poor,Down
CJ Jordan,4.0,6.3,6.3,Poor,Down
IR Jaggi,8.6,10.9,10.9,Poor,Down
AS Rajpoot,2.8,3.7,3.7,Poor,Down
PP Chawla,5.6,8.1,7.3,Poor,Down
DJ Bravo,9.4,7.5,14.1,Poor,Up
E Lewis,14.6,22.4,26.1,Poor,Down
C Munro,14.2,17.3,16.1,Average,Down
KL Rahul,26.6,36.7,38.9,Poor,Down
AD Russell,26.6,22.7,22.8,Good,Up
Q de Kock,29.4,26.0,27.9,Good,Up
R Vinay Kumar,3.4,8.7,7.7,Poor,Down
RK Singh,18.0,19.2,21.2,Average,Down
SN Khan,19.4,13.2,15.4,Excellent,Up
DJM Short,21.0,16.4,16.4,Excellent,Up
K Gowtham,10.8,8.8,9.0,Good,Up
S Gopal,4.6,6.5,8.2,Poor,Down
TK Curran,18.8,12.7,12.7,Excellent,Up
M Markande,6.0,4.8,4.8,Excellent,Up
Mujeeb Ur Rahman,2.4,2.0,2.0,Good,Up
R Ashwin,8.0,7.6,9.1,Average,Up
Shivam Mavi,5.6,4.4,4.6,Excellent,Up
Shubman Gill,37.0,50.1,34.1,Good,Down
M Vijay,44.8,33.1,25.2,Excellent,Up
Mohammed Siraj,5.0,5.4,5.3,Average,Down
H Klaasen,41.0,39.4,33.3,Excellent,Up
JC Archer,9.2,6.8,8.3,Good,Up
BB Sran,1.8,1.5,1.5,Excellent,Up
PP Shaw,15.8,25.7,22.8,Poor,Down
Mustafizur Rahman,2.4,1.9,1.9,Excellent,Up
AD Hales,20.4,24.5,24.5,Average,Down
MK Lomror,10.4,12.5,15.0,Poor,Down
JP Duminy,17.4,20.9,26.5,Poor,Down
M Ashwin,2.4,3.3,2.9,Average,Down
MM Ali,17.6,15.0,19.7,Average,Up
M Prasidh Krishna,1.6,1.3,1.3,Excellent,Up
HV Patel,2.6,4.1,6.6,Poor,Down
Abhishek Sharma,39.8,40.8,25.0,Excellent,Down
SP Goswami,9.2,9.8,13.9,Poor,Down
Navdeep Saini,6.2,5.5,5.5,Good,Up
S Dube,21.8,28.1,24.6,Average,Down
SO Hetmyer,12.6,17.5,19.4,Poor,Down
JM Bairstow,26.6,32.4,32.0,Average,Down
CA Ingram,6.4,9.5,14.0,Poor,Down
KMA Paul,3.6,3.6,3.6,Average,Down
Rasikh Salam,7.0,6.7,6.7,Good,Up
N Pooran,28.4,31.8,27.0,Good,Down
Avesh Khan,6.2,5.3,5.2,Good,Up
GH Vihari,7.8,11.3,11.2,Poor,Down
SM Curran,22.4,24.6,18.6,Excellent,Down
AS Joseph,5.4,5.4,5.4,Average,Down
MJ Santner,1.8,4.3,5.7,Poor,Down
R Parag,31.6,31.8,21.9,Excellent,Down
LS Livingstone,6.6,11.8,22.3,Poor,Down
KK Ahmed,0.4,0.3,0.3,Excellent,Up
AJ Turner,4.8,4.0,4.0,Good,Up
Harpreet Brar,15.6,8.6,9.4,Excellent,Up
SE Rutherford,26.4,24.4,19.8,Excellent,Up
Gurkeerat Singh,22.6,13.7,16.3,Excellent,Up
P Simran Singh,18.2,30.3,24.3,Poor,Down
J Suchith,9.6,7.0,7.0,Excellent,Up
D Padikkal,33.6,24.7,23.9,Excellent,Up
RD Gaikwad,24.4,25.4,35.6,Poor,Down
YBK Jaiswal,40.6,47.4,32.4,Excellent,Down
TU Deshpande,1.4,3.5,3.5,Poor,Down
Abdul Samad,10.6,11.5,14.3,Poor,Down
JO Holder,7.6,5.2,9.6,Poor,Up
PK Garg,17.8,15.7,14.7,Excellent,Up
JR Philippe,15.6,15.6,15.6,Average,Down
Kartik Tyagi,2.2,2.2,2.2,Good,Up
CV Varun,0.8,2.5,2.4,Poor,Down
KL Nagarkoti,2.8,3.1,3.1,Average,Down
JDS Neesham,14.6,9.2,9.2,Excellent,Up
Ravi Bishnoi,3.4,3.1,2.8,Excellent,Up
Shahbaz Ahmed,7.6,16.8,14.3,Poor,Down
DW Steyn,4.4,4.8,5.1,Average,Down
N Jagadeesan,16.6,16.2,16.2,Good,Up
A Nortje,1.8,4.2,3.8,Poor,Down
MR Marsh,17.0,18.4,26.4,Poor,Down
Arshdeep Singh,2.0,2.9,2.4,Average,Down
DR Sams,3.4,3.8,3.4,Good,Down
KA Jamieson,4.4,7.2,7.2,Poor,Down
M Jansen,7.0,9.3,7.3,Average,Down
RM Patidar,16.8,15.1,29.2,Poor,Up
M Shahrukh Khan,20.2,17.3,15.2,Excellent,Up
Lalit Yadav,6.4,10.3,14.0,Poor,Down
C Sakariya,2.8,2.9,2.9,Average,Down
KS Bharat,18.6,24.8,24.8,Poor,Down
PWH de Silva,1.8,4.2,4.3,Poor,Down
VR Iyer,26.6,28.7,26.1,Good,Down
GD Phillips,7.8,8.1,8.1,Average,Down
AK Markram,33.0,39.5,26.1,Excellent,Down
NT Ellis,3.8,3.8,3.8,Average,Down
RV Patel,11.0,11.4,11.4,Average,Down
Anmolpreet Singh,15.8,15.4,15.4,Good,Up
Anuj Rawat,19.6,17.3,15.1,Excellent,Up
TH David,17.0,17.7,18.8,Average,Down
DP Conway,28.6,36.0,38.5,Poor,Down
R Powell,8.8,11.4,15.9,Poor,Down
Tilak Varma,19.4,24.1,29.2,Poor,Down
OF Smith,5.2,8.5,8.5,Poor,Down
PBB Rajapaksa,15.0,19.3,21.2,Poor,Down
A Badoni,39.6,32.5,20.1,Excellent,Up
A Manohar,12.2,14.0,14.6,Average,Down
MS Wade,11.6,13.5,13.2,Average,Down
PVD Chameera,4.2,5.3,5.3,Poor,Down
R Shepherd,13.2,14.7,14.9,Average,Down
DJ Willey,10.6,10.6,10.6,Average,Down
D Pretorius,8.8,8.8,8.8,Average,Down
JM Sharma,32.0,24.9,20.9,Excellent,Up
VG Arora,0.8,1.0,1.0,Poor,Down
Umran Malik,3.4,3.4,3.4,Average,Down
D Brevis,36.6,33.1,28.4,Excellent,Up
B Sai Sudharsan,51.0,48.6,44.4,Good,Up
Ramandeep Singh,3.8,9.1,10.6,Poor,Down
Akash Deep,5.0,5.0,5.0,Average,Down
JR Hazlewood,1.8,2.7,2.7,Poor,Down
SS Prabhudessai,11.8,12.6,12.6,Average,Down
Aman Hakim Khan,16.0,11.5,11.5,Excellent,Up
HR Shokeen,13.2,13.2,13.2,Average,Down
DJ Mitchell,24.0,23.8,23.4,Good,Up
Shashank Singh,27.2,24.2,23.4,Good,Up
Harshit Rana,9.6,5.9,5.9,Excellent,Up
Mohsin Khan,5.0,5.0,5.0,Average,Down
R Dhawan,8.8,9.0,9.5,Average,Down
M Theekshana,2.0,2.8,2.8,Poor,Down
Simarjeet Singh,1.6,1.7,1.7,Average,Down
AS Roy,4.4,3.7,3.7,Good,Up
T Stubbs,15.2,19.1,22.3,Poor,Down
PN Mankad,19.4,19.4,19.4,Average,Down
Rahmanullah Gurbaz,22.4,17.9,20.9,Good,Up
Sikandar Raza,20.6,20.2,20.2,Good,Up
KR Mayers,23.2,23.3,29.9,Poor,Down
Mukesh Kumar,2.0,2.0,2.0,Average,Down
RR Rossouw,10.6,22.8,21.4,Poor,Down
HC Brook,6.8,17.3,16.9,Poor,Down
Arshad Khan,4.6,11.9,11.9,Poor,Down
C Green,28.8,23.4,25.0,Good,Up
N Wadhera,17.8,21.8,23.2,Poor,Down
Abishek Porel,23.8,24.4,22.3,Good,Down
Dhruv Jurel,28.4,20.4,19.2,Excellent,Up
MW Short,23.2,19.5,19.5,Good,Up
Atharva Taide,29.6,26.0,26.0,Good,Up
Harpreet Singh,9.4,14.9,14.9,Poor,Down
WD Parnell,2.6,5.2,5.0,Poor,Down
PD Salt,38.0,29.7,30.9,Excellent,Up
D Wiese,9.2,13.6,13.6,Poor,Down
Noor Ahmad,1.4,1.9,1.8,Poor,Down
Sanvir Singh,5.0,5.0,5.0,Average,Down
R Ravindra,16.8,27.4,22.7,Poor,Down
SD Hope,23.0,20.3,20.3,Good,Up
MA Starc,5.0,7.8,5.5,Average,Down
Azmatullah Omarzai,11.4,11.0,11.0,Good,Up
G Coetzee,5.0,4.3,4.3,Good,Up
Naman Dhir,19.4,21.7,20.6,Average,Down
SH Johnson,1.6,1.6,1.6,Average,Down
Sameer Rizvi,27.2,19.1,19.1,Excellent,Up
SB Dubey,12.4,13.0,12.5,Average,Down
A Raghuvanshi,26.0,27.0,25.7,Good,Down
Ashutosh Sharma,16.2,17.5,20.7,Poor,Down
Nithish Kumar Reddy,10.0,15.1,22.0,Poor,Down
WG Jacks,28.4,22.2,24.1,Good,Up
J Fraser-McGurk,9.2,20.7,26.4,Poor,Down
A Kamboj,2.8,2.7,2.7,Good,Up
Aniket Verma,13.0,19.3,19.7,Poor,Down
RD Rickelton,34.6,29.7,27.7,Excellent,Up
V Nigam,16.8,17.7,17.7,Average,Down
Priyansh Arya,23.8,19.0,25.4,Average,Up
PHKD Mendis,18.2,18.2,18.2,Average,Down
SK Rasheed,14.2,14.2,14.2,Average,Down
JP Inglis,37.2,26.7,26.7,Excellent,Up
V Suryavanshi,40.4,36.0,36.0,Good,Up
A Mhatre,35.6,34.3,34.3,Good,Up
B Akhil,7.2,7.6,6.9,Good,Down
CL White,17.2,19.0,21.4,Average,Down
DJ Hussey,25.8,22.7,21.6,Good,Up
JH Kallis,13.2,20.6,25.6,Poor,Down
MV Boucher,4.8,9.9,16.8,Poor,Down
Mohammad Hafeez,6.0,8.0,8.0,Poor,Down
R Dravid,21.2,24.9,26.5,Poor,Down
RT Ponting,10.4,10.1,10.1,Good,Up
SC Ganguly,14.6,20.7,23.7,Poor,Down
W Jaffer,12.8,16.2,16.2,Poor,Down
IK Pathan,7.0,9.0,13.6,Poor,Down
JDP Oram,6.8,9.3,9.6,Poor,Down
JR Hopes,22.4,21.1,21.9,Good,Up
K Goel,10.6,14.2,13.6,Poor,Down
KC Sangakkara,11.8,12.0,25.0,Poor,Down
MEK Hussey,23.2,26.6,34.1,Poor,Down
ML Hayden,6.2,15.0,34.3,Poor,Down
S Badrinath,14.8,17.3,22.4,Poor,Down
SM Katich,9.6,21.9,21.8,Poor,Down
M Kaif,11.0,10.5,11.7,Average,Up
M Rawat,4.6,5.3,5.0,Average,Down
SK Trivedi,2.4,3.5,3.0,Poor,Down
SK Warne,2.6,2.0,7.5,Poor,Up
V Sehwag,12.4,22.9,26.4,Poor,Down
AM Nayar,10.0,5.5,13.3,Poor,Up
L Ronchi,6.8,6.8,6.8,Average,Down
LRPL Taylor,13.4,14.6,18.7,Poor,Down
PR Shah,11.6,10.1,10.1,Good,Up
SM Pollock,16.0,18.4,18.4,Average,Down
ST Jayasuriya,6.6,11.5,25.3,Poor,Down
A Symonds,5.4,13.7,27.0,Poor,Down
AC Gilchrist,32.8,27.0,25.6,Excellent,Up
AS Yadav,7.8,8.2,8.2,Average,Down
LR Shukla,6.8,7.5,12.2,Poor,Down
RP Singh,1.2,0.8,1.9,Poor,Up
SB Bangar,6.6,7.8,7.8,Average,Down
SB Styris,8.4,13.1,13.1,Poor,Down
VVS Laxman,9.6,10.2,13.8,Poor,Down
WPUJC Vaas,6.0,7.5,6.8,Average,Down
Y Venugopal Rao,14.2,15.8,19.2,Poor,Down
B Lee,12.6,6.9,6.5,Excellent,Up
DPMD Jayawardene,16.4,20.3,23.3,Poor,Down
Kamran Akmal,22.6,20.7,20.7,Good,Up
S Sohal,27.2,24.9,18.4,Excellent,Up
WA Mota,5.8,7.0,7.0,Average,Down
Shahid Afridi,7.2,9.0,9.0,Poor,Down
A Nehra,0.4,1.2,2.3,Poor,Down
GC Smith,12.0,13.6,25.6,Poor,Down
Pankaj Singh,1.4,1.4,1.4,Average,Down
S Sreesanth,0.4,3.4,2.8,Poor,Down
AB Agarkar,6.6,11.5,10.4,Poor,Down
M Kartik,5.4,8.0,8.5,Poor,Down
MF Maharoof,9.8,9.1,12.6,Poor,Up
Shoaib Malik,10.2,10.2,10.2,Average,Down
VY Mahesh,3.0,3.0,3.0,Average,Down
B Chipli,10.6,9.9,13.3,Poor,Up
DB Das,14.8,10.1,13.8,Good,Up
HH Gibbs,22.2,26.1,24.6,Average,Down
BJ Hodge,24.0,22.5,22.5,Good,Up
SA Asnodkar,17.6,11.2,22.3,Poor,Up
Salman Butt,36.2,27.4,27.4,Excellent,Up
Sohail Tanvir,7.0,7.0,7.0,Average,Down
JA Morkel,20.6,15.7,14.5,Excellent,Up
S Vidyut,9.2,18.1,18.1,Poor,Down
SP Fleming,24.8,19.2,19.2,Excellent,Up
DB Ravi Teja,15.6,14.8,14.9,Good,Up
Misbah-ul-Haq,15.0,14.6,14.6,Good,Up
RR Raje,4.0,4.0,4.0,Average,Down
YV Takawale,20.8,19.1,19.1,Good,Up
Joginder Sharma,7.2,7.2,7.2,Average,Down
M Muralitharan,2.6,2.2,2.2,Good,Up
MS Gony,9.8,6.4,6.9,Excellent,Up
A Kumble,1.2,2.1,2.3,Poor,Down
S Anirudha,5.0,11.1,11.3,Poor,Down
A Chopra,10.2,8.8,8.8,Good,Up
PP Ojha,1.0,1.0,0.8,Good,Down
SR Tendulkar,26.0,21.9,29.9,Average,Up
AD Mascarenhas,4.4,5.2,5.2,Average,Down
NK Patel,23.4,20.2,20.2,Good,Up
TM Dilshan,14.8,27.0,23.1,Poor,Down
LA Pomersbach,12.8,14.4,18.8,Poor,Down
SD Chitnis,15.0,11.6,11.6,Excellent,Up
L Balaji,2.6,3.4,2.8,Average,Down
RR Powar,4.2,8.1,8.1,Poor,Down
JD Ryder,7.8,24.4,20.6,Poor,Down
KP Pietersen,26.2,30.5,27.8,Average,Down
RS Bopara,11.8,19.5,25.2,Poor,Down
M Manhas,7.0,10.2,13.5,Poor,Down
AS Raut,12.4,12.7,11.5,Good,Down
RJ Quiney,18.0,16.2,16.2,Good,Up
AA Bilakhia,7.0,9.9,9.9,Poor,Down
DL Vettori,5.6,5.4,7.6,Poor,Up
PC Valthaty,4.4,12.3,22.5,Poor,Down
MN van Wyk,32.6,32.6,32.6,Average,Down
RE van der Merwe,5.6,9.4,10.6,Poor,Down
TL Suman,10.4,7.8,17.3,Poor,Up
LA Carseldine,16.0,16.0,16.0,Average,Down
SB Jakati,5.6,5.6,5.6,Average,Down
RJ Harris,4.0,4.9,5.5,Poor,Down
M Morkel,5.6,6.6,6.1,Average,Down
J Botha,11.0,7.7,14.6,Poor,Up
A Singh,0.4,0.4,0.4,Average,Down
GJ Bailey,16.8,13.8,18.3,Average,Up
AB McDonald,17.6,15.4,15.4,Good,Up
Y Nagar,18.0,16.4,14.2,Excellent,Up
CA Pujara,22.4,21.7,17.7,Excellent,Up
OA Shah,16.8,16.0,23.0,Poor,Up
AA Jhunjhunwala,6.8,8.9,14.5,Poor,Down
P Dogra,5.6,5.7,10.6,Poor,Down
R McLaren,8.4,13.4,12.2,Poor,Down
R Sathish,15.2,12.4,11.2,Excellent,Up
MS Bisla,10.6,20.7,21.2,Poor,Down
MJ Lumb,23.0,26.8,23.2,Average,Down
AC Voges,19.8,25.9,25.9,Poor,Down
FY Fazal,15.6,15.2,16.6,Average,Up
MD Mishra,6.8,11.8,13.8,Poor,Down
R Sharma,2.2,1.3,3.5,Poor,Up
KB Arun Karthik,8.6,7.7,7.7,Good,Up
SW Tait,4.6,4.6,4.6,Average,Down
PD Collingwood,26.8,29.0,29.0,Average,Down
A Mithun,5.8,5.7,5.7,Good,Up
AN Ahmed,6.4,6.0,6.0,Good,Up
AG Paunikar,9.6,9.6,9.6,Average,Down
AUK Pathan,5.4,5.6,5.6,Average,Down
RV Gomez,2.8,5.6,5.6,Poor,Down
DJ Jacobs,13.8,13.1,13.1,Good,Up
UBT Chand,18.0,17.8,15.0,Good,Up
Sunny Singh,8.6,8.6,8.6,Average,Down
AL Menaria,12.0,15.5,17.2,Poor,Down
JEC Franklin,10.6,19.5,20.4,Poor,Down
DH Yagnik,11.0,12.8,9.9,Good,Down
NLTC Perera,16.0,14.9,14.2,Good,Up
RN ten Doeschate,12.2,11.3,15.5,Poor,Up
TR Birt,15.0,15.0,15.0,Average,Down
AC Blizzard,15.4,17.1,17.1,Average,Down
CJ Ferguson,13.2,12.2,12.2,Good,Up
S Rana,10.0,10.9,10.9,Average,Down
RE Levi,6.6,13.8,13.8,Poor,Down
KK Cooper,13.8,10.0,9.6,Excellent,Up
Azhar Mahmood,31.6,19.4,18.5,Excellent,Up
N Saini,4.6,14.0,14.0,Poor,Down
RJ Peterson,6.4,6.4,6.4,Average,Down
A Ashish Reddy,14.0,12.8,12.1,Good,Up
BB Samantray,15.2,15.6,15.6,Average,Down
MJ Clarke,11.4,16.3,16.3,Poor,Down
PA Reddy,8.2,15.7,15.7,Poor,Down
P Awana,1.0,1.0,1.0,Average,Down
MC Juneja,20.0,18.0,18.0,Good,Up
R Rampaul,7.6,6.3,6.3,Good,Up
LJ Wright,20.4,20.4,20.4,Average,Down
BJ Rohrer,23.4,25.6,25.6,Average,Down
CM Gautam,10.4,12.5,13.0,Poor,Down
DJG Sammy,10.4,11.5,14.8,Poor,Down
PV Tambe,3.0,3.0,3.0,Average,Down
UT Khawaja,19.4,21.2,21.2,Average,Down
